Datetime,Open,High,Low,Close,Volume,Dividends,Stock Splits
2022-11-15 09:30:00-05:00,195.8800048828125,197.75,194.41000366210938,195.6199951171875,7431285,0,0
2022-11-15 09:35:00-05:00,195.69000244140625,197.55999755859375,195.11000061035156,195.19000244140625,2290497,0,0
2022-11-15 09:40:00-05:00,195.19000244140625,198.9499969482422,195.14010620117188,197.25819396972656,3103661,0,0
2022-11-15 09:45:00-05:00,197.19000244140625,198.0,195.5,196.7100067138672,2121957,0,0
2022-11-15 09:50:00-05:00,196.7100067138672,197.99000549316406,196.62379455566406,197.1085968017578,1736400,0,0
2022-11-15 09:55:00-05:00,197.16000366210938,199.67999267578125,197.1475067138672,199.4600067138672,2664130,0,0
2022-11-15 10:00:00-05:00,199.4499969482422,200.5500030517578,198.79269409179688,200.16099548339844,2766718,0,0
2022-11-15 10:05:00-05:00,200.11000061035156,200.44090270996094,198.61000061035156,199.1699981689453,1886805,0,0
2022-11-15 10:10:00-05:00,199.1699981689453,199.3300018310547,198.10000610351562,198.4250030517578,1522817,0,0
2022-11-15 10:15:00-05:00,198.44000244140625,199.1291046142578,197.8524932861328,198.2299041748047,1465469,0,0
2022-11-15 10:20:00-05:00,198.14500427246094,199.4499969482422,197.72000122070312,199.39810180664062,1390449,0,0
2022-11-15 10:25:00-05:00,199.3520050048828,200.82369995117188,199.22000122070312,200.08999633789062,2010261,0,0
2022-11-15 10:30:00-05:00,200.11990356445312,200.3300018310547,199.41000366210938,200.32269287109375,1241200,0,0
2022-11-15 10:35:00-05:00,200.302001953125,200.52999877929688,198.67999267578125,199.3134002685547,1414283,0,0
2022-11-15 10:40:00-05:00,199.39990234375,199.8699951171875,198.92999267578125,199.7100067138672,1044932,0,0
2022-11-15 10:45:00-05:00,199.6999969482422,199.85000610351562,197.9600067138672,198.39999389648438,1251793,0,0
2022-11-15 10:50:00-05:00,198.39630126953125,198.45989990234375,197.41009521484375,198.1584014892578,1341049,0,0
2022-11-15 10:55:00-05:00,198.1894989013672,198.3699951171875,197.50999450683594,197.86570739746094,824859,0,0
2022-11-15 11:00:00-05:00,197.83999633789062,199.0487060546875,197.02999877929688,198.82119750976562,1391367,0,0
2022-11-15 11:05:00-05:00,198.7899932861328,200.19000244140625,198.69000244140625,199.52000427246094,1398526,0,0
2022-11-15 11:10:00-05:00,199.47999572753906,200.17999267578125,199.3000030517578,200.1199951171875,1033502,0,0
2022-11-15 11:15:00-05:00,200.14920043945312,200.1999969482422,198.3699951171875,198.83999633789062,982141,0,0
2022-11-15 11:20:00-05:00,198.84669494628906,199.60000610351562,198.5500030517578,198.57650756835938,786971,0,0
2022-11-15 11:25:00-05:00,198.61000061035156,198.99000549316406,198.11000061035156,198.40040588378906,674366,0,0
2022-11-15 11:30:00-05:00,198.4199981689453,199.44000244140625,198.3704071044922,199.02000427246094,940399,0,0
2022-11-15 11:35:00-05:00,199.0399932861328,199.10000610351562,197.77999877929688,198.135498046875,788113,0,0
2022-11-15 11:40:00-05:00,198.10000610351562,198.47999572753906,197.6999969482422,198.1468963623047,776193,0,0
2022-11-15 11:45:00-05:00,198.19000244140625,198.8300018310547,198.1699981689453,198.4868927001953,615253,0,0
2022-11-15 11:50:00-05:00,198.4499969482422,198.6123046875,197.77999877929688,198.2104034423828,428111,0,0
2022-11-15 11:55:00-05:00,198.2698974609375,199.0,197.9199981689453,198.9499053955078,564311,0,0
2022-11-15 12:00:00-05:00,198.92999267578125,198.9499969482422,197.2100067138672,197.84860229492188,898722,0,0
2022-11-15 12:05:00-05:00,197.82000732421875,198.15769958496094,197.44000244140625,198.14999389648438,539048,0,0
2022-11-15 12:10:00-05:00,198.1199951171875,198.41709899902344,197.77000427246094,198.09500122070312,522906,0,0
2022-11-15 12:15:00-05:00,198.1199951171875,198.5,197.85400390625,198.3000030517578,384157,0,0
2022-11-15 12:20:00-05:00,198.27000427246094,198.77000427246094,198.2200927734375,198.4499969482422,453650,0,0
2022-11-15 12:25:00-05:00,198.4741973876953,198.4949951171875,197.8000030517578,197.85000610351562,413451,0,0
2022-11-15 12:30:00-05:00,197.8300018310547,198.35000610351562,197.5,197.9600067138672,546658,0,0
2022-11-15 12:35:00-05:00,197.9499969482422,198.17999267578125,197.7200927734375,197.95309448242188,391924,0,0
2022-11-15 12:40:00-05:00,197.94000244140625,198.2100067138672,197.5500030517578,197.72999572753906,437450,0,0
2022-11-15 12:45:00-05:00,197.7100067138672,198.63999938964844,197.64999389648438,198.1999969482422,648887,0,0
2022-11-15 12:50:00-05:00,198.22000122070312,198.22000122070312,197.4499969482422,197.67359924316406,531962,0,0
2022-11-15 12:55:00-05:00,197.7071990966797,198.11000061035156,197.52000427246094,198.02000427246094,384859,0,0
2022-11-15 13:00:00-05:00,198.0500030517578,198.08999633789062,197.6154022216797,197.89999389648438,324740,0,0
2022-11-15 13:05:00-05:00,197.8699951171875,198.3300018310547,197.6699981689453,197.90989685058594,380923,0,0
2022-11-15 13:10:00-05:00,197.8800048828125,198.11000061035156,197.5500030517578,197.931396484375,365067,0,0
2022-11-15 13:15:00-05:00,197.92999267578125,197.97999572753906,196.10000610351562,196.22000122070312,1136154,0,0
2022-11-15 13:20:00-05:00,196.1999969482422,196.3000030517578,194.83999633789062,195.5251007080078,1696287,0,0
2022-11-15 13:25:00-05:00,195.5740966796875,195.8800048828125,194.27000427246094,194.64999389648438,1331860,0,0
2022-11-15 13:30:00-05:00,194.5500030517578,195.26809692382812,193.58999633789062,193.7021026611328,1440930,0,0
2022-11-15 13:35:00-05:00,193.70989990234375,194.3408966064453,192.55999755859375,192.92999267578125,1575864,0,0
2022-11-15 13:40:00-05:00,192.91000366210938,194.60000610351562,192.05999755859375,194.22000122070312,1956385,0,0
2022-11-15 13:45:00-05:00,194.22000122070312,195.1999969482422,193.95350646972656,193.97000122070312,1275254,0,0
2022-11-15 13:50:00-05:00,193.95559692382812,194.61000061035156,193.75,194.3076934814453,943758,0,0
2022-11-15 13:55:00-05:00,194.25,194.91000366210938,193.60000610351562,193.97000122070312,909899,0,0
2022-11-15 14:00:00-05:00,194.0,194.27000427246094,192.11000061035156,192.15499877929688,1197375,0,0
2022-11-15 14:05:00-05:00,192.1300048828125,193.7899932861328,192.0800018310547,193.72000122070312,1005371,0,0
2022-11-15 14:10:00-05:00,193.6999969482422,195.08999633789062,193.66250610351562,194.50010681152344,1312128,0,0
2022-11-15 14:15:00-05:00,194.50999450683594,195.1699981689453,194.02999877929688,195.02000427246094,823065,0,0
2022-11-15 14:20:00-05:00,195.0,195.75999450683594,194.92140197753906,195.4705047607422,1028400,0,0
2022-11-15 14:25:00-05:00,195.44000244140625,195.72999572753906,194.6999969482422,195.25999450683594,841676,0,0
2022-11-15 14:30:00-05:00,195.25169372558594,195.4499053955078,194.5,194.50999450683594,548337,0,0
2022-11-15 14:35:00-05:00,194.56500244140625,195.22999572753906,194.11000061035156,194.1468048095703,758802,0,0
2022-11-15 14:40:00-05:00,194.1649932861328,194.6999969482422,193.67999267578125,193.77999877929688,774647,0,0
2022-11-15 14:45:00-05:00,193.8262939453125,193.9698944091797,193.22000122070312,193.27999877929688,679216,0,0
2022-11-15 14:50:00-05:00,193.2899932861328,193.6490020751953,192.67999267578125,193.3300018310547,862580,0,0
2022-11-15 14:55:00-05:00,193.3000030517578,194.67999267578125,193.13009643554688,194.11990356445312,1111749,0,0
2022-11-15 15:00:00-05:00,194.0915069580078,195.17999267578125,193.80999755859375,194.90359497070312,889398,0,0
2022-11-15 15:05:00-05:00,194.9149932861328,194.9199981689453,193.88099670410156,194.39999389648438,648674,0,0
2022-11-15 15:10:00-05:00,194.4499969482422,194.72999572753906,193.88999938964844,194.164794921875,548812,0,0
2022-11-15 15:15:00-05:00,194.1999969482422,194.88999938964844,194.16000366210938,194.77999877929688,572694,0,0
2022-11-15 15:20:00-05:00,194.76699829101562,195.0,194.3300018310547,194.78089904785156,567510,0,0
2022-11-15 15:25:00-05:00,194.78480529785156,194.88999938964844,194.17999267578125,194.32000732421875,477728,0,0
2022-11-15 15:30:00-05:00,194.35000610351562,194.36000061035156,193.24000549316406,193.27000427246094,722035,0,0
2022-11-15 15:35:00-05:00,193.27000427246094,194.38999938964844,193.27000427246094,194.22999572753906,690416,0,0
2022-11-15 15:40:00-05:00,194.21539306640625,194.3762969970703,193.9600067138672,194.32000732421875,552369,0,0
2022-11-15 15:45:00-05:00,194.2899932861328,194.2899932861328,193.5399932861328,193.9250030517578,942727,0,0
2022-11-15 15:50:00-05:00,193.9499969482422,194.07269287109375,193.33999633789062,193.875,837954,0,0
2022-11-15 15:55:00-05:00,193.89999389648438,194.58999633789062,193.79750061035156,194.4600067138672,1351777,0,0
2022-11-16 09:30:00-05:00,191.50999450683594,192.38999938964844,189.9199981689453,191.98989868164062,4265937,0,0
2022-11-16 09:35:00-05:00,191.9824981689453,192.57000732421875,190.66000366210938,191.1300048828125,1554488,0,0
2022-11-16 09:40:00-05:00,191.0330047607422,191.18960571289062,189.60000610351562,190.3000030517578,1719084,0,0
2022-11-16 09:45:00-05:00,190.25999450683594,191.24000549316406,188.8699951171875,188.95179748535156,1995809,0,0
2022-11-16 09:50:00-05:00,188.9600067138672,189.77999877929688,188.4499969482422,188.89950561523438,1900558,0,0
2022-11-16 09:55:00-05:00,188.89999389648438,189.62989807128906,188.56910705566406,188.7100067138672,1459059,0,0
2022-11-16 10:00:00-05:00,188.68670654296875,189.5500030517578,188.5800018310547,188.92999267578125,1363454,0,0
2022-11-16 10:05:00-05:00,188.92999267578125,188.99989318847656,187.5800018310547,187.94140625,1911500,0,0
2022-11-16 10:10:00-05:00,187.9698944091797,188.3800048828125,187.25999450683594,187.7949981689453,1353194,0,0
2022-11-16 10:15:00-05:00,187.85000610351562,188.07989501953125,187.08999633789062,187.27999877929688,1116572,0,0
2022-11-16 10:20:00-05:00,187.27879333496094,188.66990661621094,187.22999572753906,188.09500122070312,1245376,0,0
2022-11-16 10:25:00-05:00,188.097900390625,188.4600067138672,187.64999389648438,188.17140197753906,877589,0,0
2022-11-16 10:30:00-05:00,188.17550659179688,189.3385009765625,188.10000610351562,189.04110717773438,1280024,0,0
2022-11-16 10:35:00-05:00,189.0402069091797,189.1699981689453,188.16000366210938,188.83580017089844,929141,0,0
2022-11-16 10:40:00-05:00,188.80999755859375,188.89990234375,187.5,187.5800018310547,1009645,0,0
2022-11-16 10:45:00-05:00,187.5688018798828,187.87989807128906,187.25,187.47000122070312,813331,0,0
2022-11-16 10:50:00-05:00,187.48959350585938,187.84840393066406,186.99000549316406,187.1199951171875,1292003,0,0
2022-11-16 10:55:00-05:00,187.11000061035156,187.8520050048828,186.8800048828125,187.4951934814453,980198,0,0
2022-11-16 11:00:00-05:00,187.49000549316406,188.11000061035156,187.27000427246094,187.92990112304688,720690,0,0
2022-11-16 11:05:00-05:00,187.91000366210938,188.36000061035156,187.5,187.66000366210938,720720,0,0
2022-11-16 11:10:00-05:00,187.6300048828125,188.4600067138672,187.62570190429688,187.9600067138672,799163,0,0
2022-11-16 11:15:00-05:00,187.9600067138672,188.27000427246094,187.4600067138672,188.03469848632812,623023,0,0
2022-11-16 11:20:00-05:00,188.00999450683594,190.0894012451172,187.93930053710938,189.6199951171875,1691803,0,0
2022-11-16 11:25:00-05:00,189.54010009765625,189.67999267578125,188.61000061035156,188.78419494628906,1203741,0,0
2022-11-16 11:30:00-05:00,188.8000030517578,189.49000549316406,188.75,188.89999389648438,889156,0,0
2022-11-16 11:35:00-05:00,188.91000366210938,189.0,188.1999969482422,188.4199981689453,641222,0,0
2022-11-16 11:40:00-05:00,188.44000244140625,188.8699951171875,188.3699951171875,188.52000427246094,441268,0,0
2022-11-16 11:45:00-05:00,188.5,189.0,188.4600067138672,188.57000732421875,520710,0,0
2022-11-16 11:50:00-05:00,188.5500030517578,188.77999877929688,187.86480712890625,188.03460693359375,639889,0,0
2022-11-16 11:55:00-05:00,188.00999450683594,188.55499267578125,187.82000732421875,187.88499450683594,625999,0,0
2022-11-16 12:00:00-05:00,187.89999389648438,188.13999938964844,187.72999572753906,187.89999389648438,343025,0,0
2022-11-16 12:05:00-05:00,187.87240600585938,189.5,187.77999877929688,189.0500030517578,655452,0,0
2022-11-16 12:10:00-05:00,189.08360290527344,189.08360290527344,188.1300048828125,188.16000366210938,441430,0,0
2022-11-16 12:15:00-05:00,188.16000366210938,188.32000732421875,187.83999633789062,188.2550048828125,430884,0,0
2022-11-16 12:20:00-05:00,188.26499938964844,188.3800048828125,187.77999877929688,188.0800018310547,518542,0,0
2022-11-16 12:25:00-05:00,188.1300048828125,188.4199981689453,187.8300018310547,188.15499877929688,355511,0,0
2022-11-16 12:30:00-05:00,188.13040161132812,188.35000610351562,187.8800048828125,188.27999877929688,274219,0,0
2022-11-16 12:35:00-05:00,188.30670166015625,189.1595001220703,188.27000427246094,188.74989318847656,702552,0,0
2022-11-16 12:40:00-05:00,188.73500061035156,189.1999969482422,188.55999755859375,189.08030700683594,448846,0,0
2022-11-16 12:45:00-05:00,189.05140686035156,189.6999969482422,189.0500030517578,189.47000122070312,884667,0,0
2022-11-16 12:50:00-05:00,189.46099853515625,189.63999938964844,188.6999969482422,188.94459533691406,604203,0,0
2022-11-16 12:55:00-05:00,188.9600067138672,189.139892578125,188.77999877929688,188.88479614257812,541428,0,0
2022-11-16 13:00:00-05:00,188.8699951171875,188.92990112304688,188.36000061035156,188.6999969482422,356940,0,0
2022-11-16 13:05:00-05:00,188.67999267578125,188.8300018310547,188.50999450683594,188.63999938964844,211726,0,0
2022-11-16 13:10:00-05:00,188.61500549316406,189.10000610351562,188.58999633789062,188.67999267578125,375963,0,0
2022-11-16 13:15:00-05:00,188.6999969482422,188.86990356445312,188.52000427246094,188.58999633789062,231677,0,0
2022-11-16 13:20:00-05:00,188.5989990234375,189.11000061035156,188.57009887695312,188.84100341796875,328571,0,0
2022-11-16 13:25:00-05:00,188.85000610351562,188.9499969482422,188.32000732421875,188.3699951171875,342113,0,0
2022-11-16 13:30:00-05:00,188.3699951171875,188.6199951171875,187.8699951171875,188.00999450683594,562651,0,0
2022-11-16 13:35:00-05:00,188.00999450683594,188.44000244140625,187.97999572753906,188.2949981689453,472040,0,0
2022-11-16 13:40:00-05:00,188.2769012451172,188.38999938964844,188.10000610351562,188.2100067138672,243596,0,0
2022-11-16 13:45:00-05:00,188.2100067138672,188.5500030517578,188.00999450683594,188.35000610351562,355821,0,0
2022-11-16 13:50:00-05:00,188.32000732421875,188.41940307617188,188.0,188.11000061035156,271468,0,0
2022-11-16 13:55:00-05:00,188.12989807128906,188.16000366210938,187.5,187.5948028564453,619949,0,0
2022-11-16 14:00:00-05:00,187.58999633789062,187.91000366210938,187.5,187.8000946044922,469224,0,0
2022-11-16 14:05:00-05:00,187.82000732421875,187.92999267578125,187.5,187.76730346679688,491498,0,0
2022-11-16 14:10:00-05:00,187.74940490722656,187.82000732421875,187.27999877929688,187.54840087890625,705856,0,0
2022-11-16 14:15:00-05:00,187.55999755859375,187.75999450683594,187.0,187.2550048828125,582284,0,0
2022-11-16 14:20:00-05:00,187.25,187.80999755859375,187.1999969482422,187.6999969482422,449801,0,0
2022-11-16 14:25:00-05:00,187.68499755859375,188.0800018310547,187.63999938964844,187.7899932861328,416766,0,0
2022-11-16 14:30:00-05:00,187.8000030517578,187.80999755859375,186.77999877929688,186.95339965820312,862577,0,0
2022-11-16 14:35:00-05:00,186.9600067138672,187.65989685058594,186.8000030517578,187.03500366210938,721043,0,0
2022-11-16 14:40:00-05:00,187.02999877929688,187.1739959716797,186.7899932861328,186.9499969482422,438087,0,0
2022-11-16 14:45:00-05:00,187.0,187.08999633789062,186.57009887695312,186.63999938964844,590625,0,0
2022-11-16 14:50:00-05:00,186.66639709472656,187.1302032470703,186.61000061035156,186.91000366210938,586206,0,0
2022-11-16 14:55:00-05:00,186.92999267578125,187.42999267578125,186.8300018310547,187.2949981689453,519566,0,0
2022-11-16 15:00:00-05:00,187.2949981689453,187.572998046875,186.69000244140625,186.74000549316406,555778,0,0
2022-11-16 15:05:00-05:00,186.72740173339844,186.8737030029297,185.66000366210938,185.9199981689453,1525460,0,0
2022-11-16 15:10:00-05:00,185.97000122070312,186.19000244140625,185.91000366210938,186.1300048828125,605310,0,0
2022-11-16 15:15:00-05:00,186.11500549316406,186.25,185.8000030517578,186.0800018310547,688033,0,0
2022-11-16 15:20:00-05:00,186.0500030517578,186.5876007080078,186.04010009765625,186.22999572753906,550272,0,0
2022-11-16 15:25:00-05:00,186.22999572753906,186.55499267578125,186.15179443359375,186.16000366210938,525370,0,0
2022-11-16 15:30:00-05:00,186.1699981689453,186.43499755859375,185.7899932861328,185.8800048828125,517188,0,0
2022-11-16 15:35:00-05:00,185.88499450683594,186.22000122070312,185.8300018310547,185.97500610351562,678092,0,0
2022-11-16 15:40:00-05:00,185.97500610351562,186.6750030517578,185.8800048828125,186.66000366210938,625577,0,0
2022-11-16 15:45:00-05:00,186.64999389648438,186.69000244140625,186.34030151367188,186.60000610351562,605868,0,0
2022-11-16 15:50:00-05:00,186.6199951171875,187.47000122070312,186.6199951171875,187.35499572753906,1177413,0,0
2022-11-16 15:55:00-05:00,187.36000061035156,187.36000061035156,186.63999938964844,186.94000244140625,1499796,0,0
2022-11-17 09:30:00-05:00,183.9600067138672,186.16000366210938,182.89999389648438,183.74020385742188,4838387,0,0
2022-11-17 09:35:00-05:00,183.62420654296875,185.42999267578125,183.3000030517578,184.02999877929688,1438676,0,0
2022-11-17 09:40:00-05:00,184.08999633789062,185.30990600585938,183.49000549316406,184.80999755859375,1624368,0,0
2022-11-17 09:45:00-05:00,184.82000732421875,185.42999267578125,184.42999267578125,184.9600067138672,1381314,0,0
2022-11-17 09:50:00-05:00,184.9600067138672,185.13999938964844,184.02999877929688,184.6199951171875,1057904,0,0
2022-11-17 09:55:00-05:00,184.64990234375,185.1300048828125,183.30999755859375,183.61000061035156,1454732,0,0
2022-11-17 10:00:00-05:00,183.59559631347656,183.99000549316406,182.7200927734375,183.97999572753906,1609592,0,0
2022-11-17 10:05:00-05:00,183.99000549316406,184.13999938964844,182.58999633789062,183.0012969970703,1300845,0,0
2022-11-17 10:10:00-05:00,182.9521026611328,183.31539916992188,182.3000030517578,182.86000061035156,1219972,0,0
2022-11-17 10:15:00-05:00,182.85499572753906,184.8739013671875,182.64999389648438,184.66000366210938,1521043,0,0
2022-11-17 10:20:00-05:00,184.69000244140625,185.1199951171875,184.39999389648438,184.8000030517578,1230678,0,0
2022-11-17 10:25:00-05:00,184.77000427246094,185.64999389648438,184.67999267578125,184.8730010986328,1102771,0,0
2022-11-17 10:30:00-05:00,184.8542938232422,185.0299072265625,184.07000732421875,184.08999633789062,827656,0,0
2022-11-17 10:35:00-05:00,184.10000610351562,185.33999633789062,184.09010314941406,184.9199981689453,812264,0,0
2022-11-17 10:40:00-05:00,184.8697967529297,185.0395965576172,184.1999969482422,184.7292022705078,554115,0,0
2022-11-17 10:45:00-05:00,184.69000244140625,184.72000122070312,183.20359802246094,183.50999450683594,1002282,0,0
2022-11-17 10:50:00-05:00,183.51809692382812,183.8699951171875,183.39999389648438,183.8148956298828,646103,0,0
2022-11-17 10:55:00-05:00,183.80999755859375,183.89999389648438,183.0500030517578,183.05999755859375,601463,0,0
2022-11-17 11:00:00-05:00,183.07000732421875,183.4600067138672,182.9600067138672,183.22500610351562,664601,0,0
2022-11-17 11:05:00-05:00,183.25999450683594,183.82000732421875,183.05999755859375,183.15499877929688,622045,0,0
2022-11-17 11:10:00-05:00,183.16000366210938,183.39999389648438,182.6501007080078,183.2899932861328,596996,0,0
2022-11-17 11:15:00-05:00,183.3000030517578,183.97999572753906,183.24000549316406,183.77830505371094,746627,0,0
2022-11-17 11:20:00-05:00,183.77000427246094,183.84249877929688,183.37030029296875,183.6800994873047,535555,0,0
2022-11-17 11:25:00-05:00,183.77000427246094,184.10000610351562,183.38999938964844,183.6199951171875,709297,0,0
2022-11-17 11:30:00-05:00,183.60000610351562,183.75599670410156,183.1199951171875,183.3699951171875,813548,0,0
2022-11-17 11:35:00-05:00,183.36000061035156,184.08999633789062,183.13999938964844,183.8300018310547,682393,0,0
2022-11-17 11:40:00-05:00,183.80999755859375,183.89999389648438,183.42010498046875,183.60989379882812,356163,0,0
2022-11-17 11:45:00-05:00,183.60000610351562,183.84840393066406,183.27430725097656,183.3699951171875,378032,0,0
2022-11-17 11:50:00-05:00,183.3800048828125,183.9199981689453,183.25,183.3699951171875,450300,0,0
2022-11-17 11:55:00-05:00,183.35000610351562,184.77000427246094,183.32000732421875,184.67840576171875,1261470,0,0
2022-11-17 12:00:00-05:00,184.75,184.82000732421875,184.19000244140625,184.58999633789062,641062,0,0
2022-11-17 12:05:00-05:00,184.6300048828125,184.8800048828125,184.41000366210938,184.71009826660156,445742,0,0
2022-11-17 12:10:00-05:00,184.7100067138672,185.27000427246094,184.50999450683594,184.82569885253906,790210,0,0
2022-11-17 12:15:00-05:00,184.8332977294922,184.8800048828125,184.19000244140625,184.3699951171875,514812,0,0
2022-11-17 12:20:00-05:00,184.35000610351562,184.5399932861328,183.85000610351562,183.9499969482422,517670,0,0
2022-11-17 12:25:00-05:00,183.93710327148438,184.10989379882812,183.72000122070312,183.8845977783203,354584,0,0
2022-11-17 12:30:00-05:00,183.8800048828125,184.0657958984375,183.3699951171875,183.4080047607422,479452,0,0
2022-11-17 12:35:00-05:00,183.4199981689453,183.9199981689453,183.36000061035156,183.7899932861328,336410,0,0
2022-11-17 12:40:00-05:00,183.7803955078125,184.10989379882812,183.5341033935547,183.76499938964844,433519,0,0
2022-11-17 12:45:00-05:00,183.72999572753906,184.35000610351562,183.6999969482422,184.26499938964844,393983,0,0
2022-11-17 12:50:00-05:00,184.26499938964844,184.55999755859375,183.8914031982422,183.96609497070312,419633,0,0
2022-11-17 12:55:00-05:00,183.95550537109375,184.50999450683594,183.82000732421875,184.45919799804688,430790,0,0
2022-11-17 13:00:00-05:00,184.4600067138672,184.72000122070312,184.25,184.32000732421875,403457,0,0
2022-11-17 13:05:00-05:00,184.3343048095703,184.6199951171875,184.17999267578125,184.23489379882812,324344,0,0
2022-11-17 13:10:00-05:00,184.2386016845703,184.60409545898438,184.16000366210938,184.3188934326172,334626,0,0
2022-11-17 13:15:00-05:00,184.27999877929688,185.05999755859375,184.22000122070312,185.0,500739,0,0
2022-11-17 13:20:00-05:00,185.02999877929688,185.35000610351562,184.8000030517578,185.1199951171875,632590,0,0
2022-11-17 13:25:00-05:00,185.11549377441406,185.1999969482422,184.6199951171875,184.75,374785,0,0
2022-11-17 13:30:00-05:00,184.77999877929688,185.1699981689453,184.52000427246094,185.1699981689453,409120,0,0
2022-11-17 13:35:00-05:00,185.16000366210938,185.72000122070312,184.956298828125,185.6699981689453,596815,0,0
2022-11-17 13:40:00-05:00,185.66160583496094,185.8300018310547,185.32110595703125,185.32110595703125,598591,0,0
2022-11-17 13:45:00-05:00,185.35000610351562,185.44000244140625,184.6522979736328,184.77169799804688,445958,0,0
2022-11-17 13:50:00-05:00,184.77000427246094,184.8300018310547,184.4499969482422,184.55999755859375,416251,0,0
2022-11-17 13:55:00-05:00,184.55999755859375,184.8000030517578,184.44949340820312,184.625,299692,0,0
2022-11-17 14:00:00-05:00,184.6199951171875,184.72000122070312,184.39999389648438,184.4604949951172,320772,0,0
2022-11-17 14:05:00-05:00,184.4499969482422,184.47999572753906,183.6999969482422,183.75,606746,0,0
2022-11-17 14:10:00-05:00,183.77490234375,183.77999877929688,183.1300048828125,183.44320678710938,749795,0,0
2022-11-17 14:15:00-05:00,183.4001007080078,183.4600067138672,182.64999389648438,182.9499969482422,869327,0,0
2022-11-17 14:20:00-05:00,182.9499053955078,182.97000122070312,182.52000427246094,182.68499755859375,949920,0,0
2022-11-17 14:25:00-05:00,182.69000244140625,182.7899932861328,182.35000610351562,182.45620727539062,725634,0,0
2022-11-17 14:30:00-05:00,182.53860473632812,182.53860473632812,181.63999938964844,181.8800048828125,1442905,0,0
2022-11-17 14:35:00-05:00,181.88160705566406,181.99000549316406,181.4199981689453,181.5749969482422,891874,0,0
2022-11-17 14:40:00-05:00,181.57000732421875,182.22999572753906,181.36000061035156,182.16000366210938,1006806,0,0
2022-11-17 14:45:00-05:00,182.15139770507812,182.4499969482422,181.75,182.37010192871094,753332,0,0
2022-11-17 14:50:00-05:00,182.39500427246094,182.67990112304688,182.10000610351562,182.22999572753906,744470,0,0
2022-11-17 14:55:00-05:00,182.24000549316406,182.29440307617188,181.70120239257812,181.83399963378906,595888,0,0
2022-11-17 15:00:00-05:00,181.8498992919922,182.4720001220703,181.77000427246094,181.89999389648438,600292,0,0
2022-11-17 15:05:00-05:00,181.90989685058594,182.25,181.66000366210938,181.71009826660156,555645,0,0
2022-11-17 15:10:00-05:00,181.74000549316406,181.74000549316406,181.0500946044922,181.13999938964844,890768,0,0
2022-11-17 15:15:00-05:00,181.14549255371094,181.47000122070312,181.11000061035156,181.22000122070312,546491,0,0
2022-11-17 15:20:00-05:00,181.2100067138672,181.47999572753906,180.89999389648438,181.17990112304688,819972,0,0
2022-11-17 15:25:00-05:00,181.14999389648438,181.4199981689453,181.0,181.3699951171875,485128,0,0
2022-11-17 15:30:00-05:00,181.35000610351562,181.68150329589844,181.27000427246094,181.52999877929688,531979,0,0
2022-11-17 15:35:00-05:00,181.50999450683594,181.50999450683594,181.1699981689453,181.44500732421875,459719,0,0
2022-11-17 15:40:00-05:00,181.42999267578125,182.16000366210938,181.41000366210938,182.02999877929688,808175,0,0
2022-11-17 15:45:00-05:00,182.0500030517578,182.88999938964844,181.9600067138672,182.7740020751953,1029564,0,0
2022-11-17 15:50:00-05:00,182.77999877929688,183.14999389648438,182.50010681152344,182.58999633789062,1023572,0,0
2022-11-17 15:55:00-05:00,182.6199951171875,183.25,182.41000366210938,183.17999267578125,1398796,0,0
2022-11-18 09:30:00-05:00,183.375,183.4246063232422,181.83009338378906,181.86000061035156,4145994,0,0
2022-11-18 09:35:00-05:00,181.8699951171875,182.82000732421875,180.66000366210938,180.66000366210938,2342002,0,0
2022-11-18 09:40:00-05:00,180.6649932861328,181.6999969482422,180.3000030517578,180.7100067138672,1742299,0,0
2022-11-18 09:45:00-05:00,180.72999572753906,181.52999877929688,180.0,180.2949981689453,2015278,0,0
2022-11-18 09:50:00-05:00,180.260498046875,180.77999877929688,179.6300048828125,180.39990234375,2021469,0,0
2022-11-18 09:55:00-05:00,180.34010314941406,180.97999572753906,179.3000946044922,179.6199951171875,1651541,0,0
2022-11-18 10:00:00-05:00,179.60000610351562,179.8000030517578,178.5800018310547,178.7899932861328,2069926,0,0
2022-11-18 10:05:00-05:00,178.7899932861328,179.38999938964844,178.22000122070312,178.66360473632812,1632071,0,0
2022-11-18 10:10:00-05:00,178.66990661621094,178.87989807128906,177.5500030517578,177.5500030517578,2012273,0,0
2022-11-18 10:15:00-05:00,177.5399932861328,178.58999633789062,177.32000732421875,178.3800048828125,1910093,0,0
2022-11-18 10:20:00-05:00,178.3520050048828,178.75,177.9199981689453,178.31170654296875,1291017,0,0
2022-11-18 10:25:00-05:00,178.2949981689453,178.60000610351562,177.4600067138672,178.35000610351562,1490156,0,0
2022-11-18 10:30:00-05:00,178.36000061035156,178.9199981689453,178.08999633789062,178.6999969482422,1023608,0,0
2022-11-18 10:35:00-05:00,178.69000244140625,179.66000366210938,178.17999267578125,179.19000244140625,1395185,0,0
2022-11-18 10:40:00-05:00,179.1999969482422,179.61000061035156,178.7303924560547,178.8199005126953,897475,0,0
2022-11-18 10:45:00-05:00,178.83999633789062,179.14999389648438,178.27999877929688,178.4138946533203,879128,0,0
2022-11-18 10:50:00-05:00,178.39999389648438,178.44000244140625,177.52999877929688,178.0279998779297,1245665,0,0
2022-11-18 10:55:00-05:00,177.9949951171875,178.2021026611328,176.8300018310547,177.41009521484375,1898740,0,0
2022-11-18 11:00:00-05:00,177.42999267578125,177.6199951171875,176.5500030517578,177.3000030517578,1330247,0,0
2022-11-18 11:05:00-05:00,177.3260955810547,178.07000732421875,177.1199951171875,177.63670349121094,1206234,0,0
2022-11-18 11:10:00-05:00,177.6300048828125,178.25,177.1999969482422,178.1649932861328,799662,0,0
2022-11-18 11:15:00-05:00,178.1824951171875,179.1199951171875,178.0135955810547,178.88999938964844,1015718,0,0
2022-11-18 11:20:00-05:00,178.88619995117188,178.92999267578125,178.33999633789062,178.5050048828125,655694,0,0
2022-11-18 11:25:00-05:00,178.52430725097656,178.99000549316406,178.39999389648438,178.5478973388672,635239,0,0
2022-11-18 11:30:00-05:00,178.58619689941406,178.66000366210938,178.13999938964844,178.3459930419922,544792,0,0
2022-11-18 11:35:00-05:00,178.30999755859375,178.38999938964844,177.5800018310547,177.6999053955078,651771,0,0
2022-11-18 11:40:00-05:00,177.72000122070312,178.17999267578125,177.52999877929688,178.0399932861328,665506,0,0
2022-11-18 11:45:00-05:00,178.03720092773438,178.3800048828125,177.85809326171875,178.2357940673828,509216,0,0
2022-11-18 11:50:00-05:00,178.22000122070312,178.5998992919922,178.00999450683594,178.40049743652344,578151,0,0
2022-11-18 11:55:00-05:00,178.42730712890625,178.5800018310547,178.20550537109375,178.4199981689453,476957,0,0
2022-11-18 12:00:00-05:00,178.447998046875,178.6999969482422,178.1699981689453,178.49000549316406,570717,0,0
2022-11-18 12:05:00-05:00,178.49000549316406,178.5,177.22999572753906,177.60499572753906,1217251,0,0
2022-11-18 12:10:00-05:00,177.52000427246094,177.8300018310547,177.27999877929688,177.4600067138672,633822,0,0
2022-11-18 12:15:00-05:00,177.4447021484375,177.47000122070312,177.0,177.01820373535156,1198742,0,0
2022-11-18 12:20:00-05:00,177.02499389648438,177.17999267578125,176.97999572753906,177.0489044189453,668484,0,0
2022-11-18 12:25:00-05:00,177.02000427246094,177.57000732421875,177.0,177.54989624023438,1427316,0,0
2022-11-18 12:30:00-05:00,177.52000427246094,177.88999938964844,177.4600067138672,177.8800048828125,594397,0,0
2022-11-18 12:35:00-05:00,177.89999389648438,178.1999969482422,177.75,178.1300048828125,684980,0,0
2022-11-18 12:40:00-05:00,178.13499450683594,178.22000122070312,177.7803955078125,177.83360290527344,579426,0,0
2022-11-18 12:45:00-05:00,177.8300018310547,178.07000732421875,177.75999450683594,178.00990295410156,430598,0,0
2022-11-18 12:50:00-05:00,177.97000122070312,178.1199951171875,177.42999267578125,177.64300537109375,671101,0,0
2022-11-18 12:55:00-05:00,177.64830017089844,178.1999053955078,177.60000610351562,178.11000061035156,505211,0,0
2022-11-18 13:00:00-05:00,178.10000610351562,178.44000244140625,177.9700927734375,178.23049926757812,525661,0,0
2022-11-18 13:05:00-05:00,178.25,178.75,178.2100067138672,178.5500030517578,567890,0,0
2022-11-18 13:10:00-05:00,178.55999755859375,178.6999969482422,178.35000610351562,178.43499755859375,427724,0,0
2022-11-18 13:15:00-05:00,178.41000366210938,178.43499755859375,177.97999572753906,178.33670043945312,518670,0,0
2022-11-18 13:20:00-05:00,178.35000610351562,179.10000610351562,178.35000610351562,179.0,568414,0,0
2022-11-18 13:25:00-05:00,179.00999450683594,179.6300048828125,178.82000732421875,179.47450256347656,798106,0,0
2022-11-18 13:30:00-05:00,179.47999572753906,179.5,179.0500030517578,179.1909942626953,597524,0,0
2022-11-18 13:35:00-05:00,179.2100067138672,179.44000244140625,178.76080322265625,178.91099548339844,559331,0,0
2022-11-18 13:40:00-05:00,178.91000366210938,178.9199981689453,178.1300048828125,178.22999572753906,574996,0,0
2022-11-18 13:45:00-05:00,178.24000549316406,178.58999633789062,178.1999969482422,178.27450561523438,375982,0,0
2022-11-18 13:50:00-05:00,178.28500366210938,178.28500366210938,177.9600067138672,178.13999938964844,566745,0,0
2022-11-18 13:55:00-05:00,178.14999389648438,178.71189880371094,178.1199951171875,178.63999938964844,483347,0,0
2022-11-18 14:00:00-05:00,178.65460205078125,178.88999938964844,178.54100036621094,178.81590270996094,443461,0,0
2022-11-18 14:05:00-05:00,178.82000732421875,178.92999267578125,178.3699951171875,178.4868927001953,438078,0,0
2022-11-18 14:10:00-05:00,178.47999572753906,178.5800018310547,178.3000030517578,178.39999389648438,356978,0,0
2022-11-18 14:15:00-05:00,178.38040161132812,178.97999572753906,178.32000732421875,178.36199951171875,496660,0,0
2022-11-18 14:20:00-05:00,178.35910034179688,178.73500061035156,178.3300018310547,178.39999389648438,323169,0,0
2022-11-18 14:25:00-05:00,178.3800048828125,178.39999389648438,177.97000122070312,178.15159606933594,497912,0,0
2022-11-18 14:30:00-05:00,178.1199951171875,178.4199981689453,177.8800048828125,178.2550048828125,757558,0,0
2022-11-18 14:35:00-05:00,178.25999450683594,178.42660522460938,178.00010681152344,178.35000610351562,359825,0,0
2022-11-18 14:40:00-05:00,178.35470581054688,178.5399932861328,177.99000549316406,178.17990112304688,474472,0,0
2022-11-18 14:45:00-05:00,178.14999389648438,178.27999877929688,178.0,178.1199951171875,304364,0,0
2022-11-18 14:50:00-05:00,178.13999938964844,178.32000732421875,178.0157012939453,178.25999450683594,313145,0,0
2022-11-18 14:55:00-05:00,178.26499938964844,178.66000366210938,178.22000122070312,178.5,492516,0,0
2022-11-18 15:00:00-05:00,178.49000549316406,179.7899932861328,178.47000122070312,179.60000610351562,937275,0,0
2022-11-18 15:05:00-05:00,179.60000610351562,180.47999572753906,179.5500030517578,180.2301025390625,1364518,0,0
2022-11-18 15:10:00-05:00,180.2301025390625,180.30999755859375,179.6999969482422,179.77999877929688,790185,0,0
2022-11-18 15:15:00-05:00,179.7899932861328,180.1300048828125,179.5399932861328,180.11000061035156,668727,0,0
2022-11-18 15:20:00-05:00,180.1300048828125,180.1300048828125,179.47999572753906,179.6750030517578,624941,0,0
2022-11-18 15:25:00-05:00,179.6699981689453,180.33999633789062,179.56039428710938,180.2899932861328,976617,0,0
2022-11-18 15:30:00-05:00,180.2899932861328,180.36000061035156,179.86000061035156,180.0,724530,0,0
2022-11-18 15:35:00-05:00,179.99000549316406,180.25999450683594,179.82000732421875,180.16000366210938,729986,0,0
2022-11-18 15:40:00-05:00,180.17999267578125,180.22000122070312,179.9499969482422,180.0850067138672,659867,0,0
2022-11-18 15:45:00-05:00,180.07000732421875,180.4199981689453,179.85000610351562,180.37229919433594,838272,0,0
2022-11-18 15:50:00-05:00,180.3800048828125,180.8300018310547,179.6999969482422,179.7899932861328,1438293,0,0
2022-11-18 15:55:00-05:00,179.8300018310547,180.2899932861328,179.77999877929688,180.1999969482422,1548191,0,0
2022-11-21 09:30:00-05:00,175.85000610351562,176.77000427246094,173.3300018310547,173.3957061767578,6152464,0,0
2022-11-21 09:35:00-05:00,173.38999938964844,174.67999267578125,173.22999572753906,174.25999450683594,1884726,0,0
2022-11-21 09:40:00-05:00,174.25999450683594,175.64999389648438,174.0,174.77999877929688,1975913,0,0
2022-11-21 09:45:00-05:00,174.77999877929688,176.1999053955078,174.6300048828125,175.77000427246094,1736022,0,0
2022-11-21 09:50:00-05:00,175.7100067138672,176.6300048828125,175.41000366210938,175.69500732421875,1838204,0,0
2022-11-21 09:55:00-05:00,175.66000366210938,175.75999450683594,173.83619689941406,174.1116943359375,1969209,0,0
2022-11-21 10:00:00-05:00,174.125,174.1699981689453,173.39999389648438,173.8406982421875,1549049,0,0
2022-11-21 10:05:00-05:00,173.88499450683594,174.14999389648438,173.39999389648438,174.1300048828125,1257517,0,0
2022-11-21 10:10:00-05:00,174.13999938964844,174.2899932861328,173.57000732421875,173.69239807128906,1026606,0,0
2022-11-21 10:15:00-05:00,173.6750030517578,174.27999877929688,173.456298828125,174.0,1080947,0,0
2022-11-21 10:20:00-05:00,173.9499969482422,174.00999450683594,173.00999450683594,173.5,1407713,0,0
2022-11-21 10:25:00-05:00,173.5,173.75,173.00999450683594,173.01010131835938,878009,0,0
2022-11-21 10:30:00-05:00,173.0500030517578,173.32000732421875,172.60000610351562,172.75,1450147,0,0
2022-11-21 10:35:00-05:00,172.75999450683594,173.22999572753906,172.61000061035156,172.76499938964844,1010065,0,0
2022-11-21 10:40:00-05:00,172.7646026611328,173.08999633789062,171.11000061035156,171.25,2105114,0,0
2022-11-21 10:45:00-05:00,171.2100067138672,171.21299743652344,170.52999877929688,170.8000030517578,2147314,0,0
2022-11-21 10:50:00-05:00,170.8000030517578,170.81370544433594,170.0,170.1737060546875,1924382,0,0
2022-11-21 10:55:00-05:00,170.17999267578125,171.1300048828125,170.13009643554688,171.06149291992188,1559515,0,0
2022-11-21 11:00:00-05:00,171.0500030517578,171.5399932861328,170.47000122070312,170.5041961669922,1361320,0,0
2022-11-21 11:05:00-05:00,170.5,171.17340087890625,170.42999267578125,170.9199981689453,909275,0,0
2022-11-21 11:10:00-05:00,170.89999389648438,171.52999877929688,170.67999267578125,171.30999755859375,1096326,0,0
2022-11-21 11:15:00-05:00,171.31900024414062,171.86000061035156,171.13999938964844,171.67999267578125,1096700,0,0
2022-11-21 11:20:00-05:00,171.6699981689453,172.39999389648438,171.64999389648438,172.33749389648438,1191181,0,0
2022-11-21 11:25:00-05:00,172.35000610351562,172.36990356445312,171.8000030517578,172.00999450683594,864501,0,0
2022-11-21 11:30:00-05:00,171.96719360351562,172.0399932861328,170.94000244140625,170.97000122070312,914785,0,0
2022-11-21 11:35:00-05:00,170.94000244140625,171.49000549316406,170.9199981689453,171.1999969482422,701697,0,0
2022-11-21 11:40:00-05:00,171.19000244140625,171.49000549316406,170.7100067138672,170.8800048828125,823302,0,0
2022-11-21 11:45:00-05:00,170.8699951171875,171.10000610351562,170.72000122070312,170.97520446777344,648366,0,0
2022-11-21 11:50:00-05:00,170.9499969482422,171.24000549316406,170.5500030517578,170.89939880371094,844308,0,0
2022-11-21 11:55:00-05:00,170.9304962158203,171.03070068359375,170.32000732421875,170.52999877929688,827575,0,0
2022-11-21 12:00:00-05:00,170.5,171.10000610351562,170.08999633789062,170.64999389648438,1093470,0,0
2022-11-21 12:05:00-05:00,170.64999389648438,171.0,170.61000061035156,170.8300018310547,651914,0,0
2022-11-21 12:10:00-05:00,170.8000030517578,170.8800048828125,170.41000366210938,170.4199981689453,507477,0,0
2022-11-21 12:15:00-05:00,170.42349243164062,170.67999267578125,169.61000061035156,169.75,1820436,0,0
2022-11-21 12:20:00-05:00,169.75,169.7899932861328,169.19000244140625,169.27999877929688,1362152,0,0
2022-11-21 12:25:00-05:00,169.25680541992188,169.39999389648438,168.52000427246094,168.76010131835938,1587228,0,0
2022-11-21 12:30:00-05:00,168.7899932861328,169.5500030517578,168.69000244140625,169.4801025390625,1017653,0,0
2022-11-21 12:35:00-05:00,169.48500061035156,169.8300018310547,169.41009521484375,169.64630126953125,810922,0,0
2022-11-21 12:40:00-05:00,169.64630126953125,169.99000549316406,169.5301971435547,169.97999572753906,599878,0,0
2022-11-21 12:45:00-05:00,169.94520568847656,169.97999572753906,169.7100067138672,169.8300018310547,601281,0,0
2022-11-21 12:50:00-05:00,169.82000732421875,169.8300018310547,168.82000732421875,168.97999572753906,1041247,0,0
2022-11-21 12:55:00-05:00,168.9499969482422,169.3000030517578,168.86000061035156,168.9499053955078,672866,0,0
2022-11-21 13:00:00-05:00,168.91990661621094,169.5800018310547,168.86000061035156,169.16000366210938,685156,0,0
2022-11-21 13:05:00-05:00,169.16000366210938,169.60000610351562,169.10350036621094,169.3699951171875,668850,0,0
2022-11-21 13:10:00-05:00,169.3800048828125,170.3699951171875,169.3800048828125,170.1511993408203,1027386,0,0
2022-11-21 13:15:00-05:00,170.13499450683594,170.24380493164062,169.8000030517578,169.88999938964844,806379,0,0
2022-11-21 13:20:00-05:00,169.89500427246094,170.27999877929688,169.4499969482422,170.13999938964844,852055,0,0
2022-11-21 13:25:00-05:00,170.164306640625,170.19000244140625,169.6999969482422,169.8612060546875,648578,0,0
2022-11-21 13:30:00-05:00,169.8612060546875,169.99000549316406,169.44000244140625,169.6383056640625,533902,0,0
2022-11-21 13:35:00-05:00,169.63999938964844,170.3153076171875,169.55999755859375,170.19000244140625,836049,0,0
2022-11-21 13:40:00-05:00,170.1999969482422,170.2100067138672,169.81350708007812,169.9600067138672,727188,0,0
2022-11-21 13:45:00-05:00,169.96339416503906,170.06759643554688,169.32000732421875,169.61099243164062,696920,0,0
2022-11-21 13:50:00-05:00,169.61000061035156,169.85000610351562,169.5074005126953,169.50999450683594,427899,0,0
2022-11-21 13:55:00-05:00,169.52000427246094,169.8000030517578,168.8699951171875,168.89390563964844,778963,0,0
2022-11-21 14:00:00-05:00,168.89999389648438,169.2899932861328,168.88999938964844,169.22999572753906,523254,0,0
2022-11-21 14:05:00-05:00,169.22999572753906,169.5,169.07000732421875,169.13519287109375,464998,0,0
2022-11-21 14:10:00-05:00,169.13999938964844,169.3000030517578,168.8300018310547,169.1699981689453,698270,0,0
2022-11-21 14:15:00-05:00,169.1750030517578,169.47000122070312,169.0,169.02999877929688,615704,0,0
2022-11-21 14:20:00-05:00,169.05569458007812,169.0885009765625,168.05999755859375,168.0800018310547,1208512,0,0
2022-11-21 14:25:00-05:00,168.0850067138672,168.4499969482422,168.0399932861328,168.13499450683594,739823,0,0
2022-11-21 14:30:00-05:00,168.13499450683594,168.3000030517578,167.6999969482422,167.86000061035156,1269027,0,0
2022-11-21 14:35:00-05:00,167.8800048828125,168.1699981689453,167.5399932861328,168.09039306640625,1187253,0,0
2022-11-21 14:40:00-05:00,168.08009338378906,168.19000244140625,167.83999633789062,168.0449981689453,826978,0,0
2022-11-21 14:45:00-05:00,168.0399932861328,168.59840393066406,167.9199981689453,168.5399932861328,849107,0,0
2022-11-21 14:50:00-05:00,168.5406951904297,169.02999877929688,168.44009399414062,168.6779022216797,1010278,0,0
2022-11-21 14:55:00-05:00,168.6699981689453,168.99000549316406,168.44000244140625,168.47999572753906,785028,0,0
2022-11-21 15:00:00-05:00,168.45199584960938,169.2100067138672,168.30999755859375,168.86489868164062,890503,0,0
2022-11-21 15:05:00-05:00,168.85000610351562,168.8972930908203,168.27999877929688,168.61680603027344,891822,0,0
2022-11-21 15:10:00-05:00,168.61000061035156,168.6555938720703,168.27999877929688,168.52000427246094,697740,0,0
2022-11-21 15:15:00-05:00,168.5399932861328,168.89999389648438,168.50999450683594,168.5926971435547,781390,0,0
2022-11-21 15:20:00-05:00,168.5800018310547,168.77000427246094,168.0,168.2362060546875,937002,0,0
2022-11-21 15:25:00-05:00,168.24000549316406,168.25,167.8502960205078,168.06500244140625,861276,0,0
2022-11-21 15:30:00-05:00,168.0800018310547,168.35000610351562,167.5800018310547,167.58729553222656,1085063,0,0
2022-11-21 15:35:00-05:00,167.6199951171875,168.0800018310547,167.58999633789062,168.0500030517578,1383584,0,0
2022-11-21 15:40:00-05:00,168.0500030517578,168.18820190429688,167.76370239257812,168.0,1433996,0,0
2022-11-21 15:45:00-05:00,167.99000549316406,168.3300018310547,167.97000122070312,168.05999755859375,1185100,0,0
2022-11-21 15:50:00-05:00,168.0500030517578,168.72999572753906,167.77499389648438,168.3800048828125,1836039,0,0
2022-11-21 15:55:00-05:00,168.3800048828125,168.42860412597656,167.8000030517578,167.8699951171875,2076774,0,0
2022-11-22 09:30:00-05:00,168.67999267578125,170.77000427246094,168.13999938964844,170.0,6962399,0,0
2022-11-22 09:35:00-05:00,170.00999450683594,170.2899932861328,168.25999450683594,168.59829711914062,2517300,0,0
2022-11-22 09:40:00-05:00,168.61000061035156,169.0,166.27000427246094,167.25570678710938,3110111,0,0
2022-11-22 09:45:00-05:00,167.24009704589844,168.77999877929688,166.9199981689453,168.51499938964844,2494819,0,0
2022-11-22 09:50:00-05:00,168.55999755859375,168.91000366210938,167.3699951171875,167.64999389648438,1646581,0,0
2022-11-22 09:55:00-05:00,167.64999389648438,167.8800048828125,166.18499755859375,166.7899932861328,1968241,0,0
2022-11-22 10:00:00-05:00,166.8000030517578,169.66990661621094,166.52999877929688,169.0800018310547,2787459,0,0
2022-11-22 10:05:00-05:00,169.11000061035156,169.97999572753906,169.0500030517578,169.4700927734375,1844862,0,0
2022-11-22 10:10:00-05:00,169.5500030517578,170.9199981689453,169.35000610351562,170.43460083007812,2568158,0,0
2022-11-22 10:15:00-05:00,170.44000244140625,170.5800018310547,169.54190063476562,169.83999633789062,1431728,0,0
2022-11-22 10:20:00-05:00,169.85000610351562,170.16000366210938,169.57000732421875,169.80999755859375,1223218,0,0
2022-11-22 10:25:00-05:00,169.8300018310547,169.85499572753906,168.75999450683594,168.8699951171875,1585881,0,0
2022-11-22 10:30:00-05:00,168.88999938964844,169.64999389648438,167.81149291992188,168.35000610351562,1806806,0,0
2022-11-22 10:35:00-05:00,168.36000061035156,168.6898956298828,167.85000610351562,167.8654022216797,1037038,0,0
2022-11-22 10:40:00-05:00,167.86000061035156,168.72999572753906,167.50999450683594,168.4980010986328,1186952,0,0
2022-11-22 10:45:00-05:00,168.53990173339844,169.83999633789062,168.3000030517578,169.71339416503906,1132796,0,0
2022-11-22 10:50:00-05:00,169.71319580078125,170.08189392089844,169.52999877929688,169.6199951171875,1355572,0,0
2022-11-22 10:55:00-05:00,169.61000061035156,170.0,169.22000122070312,169.6300048828125,1069947,0,0
2022-11-22 11:00:00-05:00,169.66000366210938,169.9886016845703,168.97000122070312,169.13999938964844,878700,0,0
2022-11-22 11:05:00-05:00,169.1300048828125,169.47999572753906,169.02000427246094,169.36109924316406,586456,0,0
2022-11-22 11:10:00-05:00,169.36000061035156,169.4600067138672,168.00999450683594,168.19500732421875,1034818,0,0
2022-11-22 11:15:00-05:00,168.1999969482422,168.66000366210938,168.0,168.55239868164062,809180,0,0
2022-11-22 11:20:00-05:00,168.5399932861328,168.94000244140625,168.3300018310547,168.68499755859375,553609,0,0
2022-11-22 11:25:00-05:00,168.6649932861328,169.1300048828125,168.5800018310547,168.80499267578125,687399,0,0
2022-11-22 11:30:00-05:00,168.82000732421875,168.94000244140625,167.52000427246094,168.1699981689453,951996,0,0
2022-11-22 11:35:00-05:00,168.1699981689453,168.5,167.8000030517578,168.3800048828125,661415,0,0
2022-11-22 11:40:00-05:00,168.381103515625,168.7209930419922,168.2740020751953,168.28500366210938,383974,0,0
2022-11-22 11:45:00-05:00,168.2821044921875,168.49989318847656,167.97000122070312,168.3300018310547,422543,0,0
2022-11-22 11:50:00-05:00,168.3300018310547,168.60000610351562,167.6300048828125,168.50999450683594,766140,0,0
2022-11-22 11:55:00-05:00,168.47999572753906,168.8699951171875,168.4499969482422,168.58999633789062,619027,0,0
2022-11-22 12:00:00-05:00,168.5800018310547,169.13999938964844,168.55999755859375,168.8699951171875,689276,0,0
2022-11-22 12:05:00-05:00,168.8975067138672,169.076904296875,168.5800018310547,168.7523956298828,411661,0,0
2022-11-22 12:10:00-05:00,168.76480102539062,169.08999633789062,168.6999969482422,168.74400329589844,411313,0,0
2022-11-22 12:15:00-05:00,168.74000549316406,169.3300018310547,168.74000549316406,169.16000366210938,598013,0,0
2022-11-22 12:20:00-05:00,169.1699981689453,169.25999450683594,168.77999877929688,169.02000427246094,607230,0,0
2022-11-22 12:25:00-05:00,169.00999450683594,169.00999450683594,168.60000610351562,168.64999389648438,814990,0,0
2022-11-22 12:30:00-05:00,168.65780639648438,168.8000030517578,168.25,168.66769409179688,481102,0,0
2022-11-22 12:35:00-05:00,168.6699981689453,168.74000549316406,168.41600036621094,168.5,257791,0,0
2022-11-22 12:40:00-05:00,168.5,168.60989379882812,168.0399932861328,168.4001007080078,471892,0,0
2022-11-22 12:45:00-05:00,168.42999267578125,168.8000030517578,168.3529052734375,168.74000549316406,371704,0,0
2022-11-22 12:50:00-05:00,168.7301025390625,168.8000030517578,168.4499969482422,168.5507049560547,302489,0,0
2022-11-22 12:55:00-05:00,168.5399932861328,168.5500030517578,168.27999877929688,168.4158935546875,281177,0,0
2022-11-22 13:00:00-05:00,168.4199981689453,168.6300048828125,168.02000427246094,168.5,489069,0,0
2022-11-22 13:05:00-05:00,168.53970336914062,169.35000610351562,168.33999633789062,169.27999877929688,717512,0,0
2022-11-22 13:10:00-05:00,169.29580688476562,169.47970581054688,169.0500946044922,169.1199951171875,606093,0,0
2022-11-22 13:15:00-05:00,169.13999938964844,169.36000061035156,168.8800048828125,169.3126983642578,486499,0,0
2022-11-22 13:20:00-05:00,169.3000030517578,169.41000366210938,169.14999389648438,169.36500549316406,440202,0,0
2022-11-22 13:25:00-05:00,169.35000610351562,169.5,169.22000122070312,169.2899932861328,521165,0,0
2022-11-22 13:30:00-05:00,169.30999755859375,169.39999389648438,169.00680541992188,169.2550048828125,441804,0,0
2022-11-22 13:35:00-05:00,169.25,169.2725067138672,168.74000549316406,169.0500030517578,509426,0,0
2022-11-22 13:40:00-05:00,169.05499267578125,169.27999877929688,168.8800048828125,169.0399932861328,361085,0,0
2022-11-22 13:45:00-05:00,169.02999877929688,169.1199951171875,168.82000732421875,168.92539978027344,401954,0,0
2022-11-22 13:50:00-05:00,168.94000244140625,169.0,168.6199951171875,168.74000549316406,421817,0,0
2022-11-22 13:55:00-05:00,168.75,168.85000610351562,168.63999938964844,168.66029357910156,351480,0,0
2022-11-22 14:00:00-05:00,168.67379760742188,168.8699951171875,168.27000427246094,168.5,649447,0,0
2022-11-22 14:05:00-05:00,168.49099731445312,168.50999450683594,167.67999267578125,167.7100067138672,930024,0,0
2022-11-22 14:10:00-05:00,167.7100067138672,168.02999877929688,167.4199981689453,167.51849365234375,966484,0,0
2022-11-22 14:15:00-05:00,167.49000549316406,167.8986053466797,167.44000244140625,167.7487030029297,606177,0,0
2022-11-22 14:20:00-05:00,167.72000122070312,168.1999969482422,167.6699981689453,168.10499572753906,607719,0,0
2022-11-22 14:25:00-05:00,168.10499572753906,168.30999755859375,168.01229858398438,168.1199951171875,448871,0,0
2022-11-22 14:30:00-05:00,168.139892578125,168.17999267578125,167.77999877929688,167.9615020751953,525375,0,0
2022-11-22 14:35:00-05:00,167.9600067138672,168.57000732421875,167.9499969482422,168.34629821777344,664764,0,0
2022-11-22 14:40:00-05:00,168.35989379882812,168.35989379882812,167.82150268554688,167.84010314941406,725573,0,0
2022-11-22 14:45:00-05:00,167.83999633789062,168.4385986328125,167.82000732421875,168.38470458984375,515411,0,0
2022-11-22 14:50:00-05:00,168.3699951171875,168.77490234375,168.2899932861328,168.74000549316406,665811,0,0
2022-11-22 14:55:00-05:00,168.75990295410156,168.83999633789062,168.5355987548828,168.74989318847656,524932,0,0
2022-11-22 15:00:00-05:00,168.74000549316406,169.3800048828125,168.66000366210938,169.3800048828125,1003284,0,0
2022-11-22 15:05:00-05:00,169.37989807128906,169.48500061035156,169.16000366210938,169.25,756534,0,0
2022-11-22 15:10:00-05:00,169.24009704589844,169.49000549316406,169.01010131835938,169.25010681152344,696410,0,0
2022-11-22 15:15:00-05:00,169.27000427246094,169.31089782714844,168.86000061035156,169.02000427246094,674252,0,0
2022-11-22 15:20:00-05:00,169.01950073242188,169.24000549316406,168.89999389648438,169.2283935546875,638123,0,0
2022-11-22 15:25:00-05:00,169.22129821777344,169.72940063476562,169.11000061035156,169.58999633789062,853118,0,0
2022-11-22 15:30:00-05:00,169.5800018310547,169.75,169.39999389648438,169.72000122070312,716387,0,0
2022-11-22 15:35:00-05:00,169.74000549316406,169.75,169.4499969482422,169.72000122070312,742068,0,0
2022-11-22 15:40:00-05:00,169.7100067138672,169.75999450683594,169.35000610351562,169.5399932861328,656059,0,0
2022-11-22 15:45:00-05:00,169.52000427246094,169.75,169.4600067138672,169.5399932861328,805472,0,0
2022-11-22 15:50:00-05:00,169.5500030517578,169.9499969482422,169.32000732421875,169.85499572753906,1331122,0,0
2022-11-22 15:55:00-05:00,169.8699951171875,170.00999450683594,169.64999389648438,169.90989685058594,1844169,0,0
2022-11-23 09:30:00-05:00,173.57000732421875,174.19000244140625,172.5,172.9467010498047,6726052,0,0
2022-11-23 09:35:00-05:00,172.9362030029297,175.32000732421875,172.9362030029297,175.00999450683594,3375608,0,0
2022-11-23 09:40:00-05:00,175.00999450683594,175.27000427246094,174.10000610351562,174.6999969482422,1926030,0,0
2022-11-23 09:45:00-05:00,174.72999572753906,176.57000732421875,173.72999572753906,176.52000427246094,3160204,0,0
2022-11-23 09:50:00-05:00,176.5155029296875,177.19000244140625,176.30999755859375,176.8800048828125,2380673,0,0
2022-11-23 09:55:00-05:00,176.8802947998047,177.33999633789062,176.4199981689453,177.2700958251953,1782922,0,0
2022-11-23 10:00:00-05:00,177.32899475097656,178.52000427246094,176.75,178.47999572753906,3029660,0,0
2022-11-23 10:05:00-05:00,178.49270629882812,179.49000549316406,178.13999938964844,179.3000030517578,2790225,0,0
2022-11-23 10:10:00-05:00,179.3000030517578,179.48989868164062,178.25999450683594,178.41000366210938,2249344,0,0
2022-11-23 10:15:00-05:00,178.41000366210938,178.64999389648438,177.8300018310547,178.625,1734406,0,0
2022-11-23 10:20:00-05:00,178.625,178.9600067138672,178.3000030517578,178.75,1571722,0,0
2022-11-23 10:25:00-05:00,178.76499938964844,179.13999938964844,178.17999267578125,179.0500030517578,1743307,0,0
2022-11-23 10:30:00-05:00,179.07000732421875,179.8197021484375,178.7100067138672,179.74000549316406,2285372,0,0
2022-11-23 10:35:00-05:00,179.74000549316406,179.88999938964844,179.41000366210938,179.75,1502351,0,0
2022-11-23 10:40:00-05:00,179.7550048828125,180.27999877929688,179.50999450683594,179.7550048828125,1910153,0,0
2022-11-23 10:45:00-05:00,179.74000549316406,179.83999633789062,179.10000610351562,179.3466033935547,1142713,0,0
2022-11-23 10:50:00-05:00,179.36880493164062,180.89999389648438,179.36880493164062,180.82699584960938,2169002,0,0
2022-11-23 10:55:00-05:00,180.8300018310547,181.1699981689453,180.35000610351562,181.1699981689453,1614972,0,0
2022-11-23 11:00:00-05:00,181.1793975830078,181.36000061035156,180.9499969482422,181.2895050048828,1814095,0,0
2022-11-23 11:05:00-05:00,181.2899932861328,181.38999938964844,180.88259887695312,181.0,1105394,0,0
2022-11-23 11:10:00-05:00,181.00079345703125,181.16000366210938,180.52999877929688,180.6199951171875,1077804,0,0
2022-11-23 11:15:00-05:00,180.63999938964844,181.0500030517578,180.2899932861328,180.40499877929688,1086182,0,0
2022-11-23 11:20:00-05:00,180.41000366210938,181.4199981689453,180.39999389648438,180.8800048828125,1419558,0,0
2022-11-23 11:25:00-05:00,180.86000061035156,181.14999389648438,180.25,180.8415985107422,1060237,0,0
2022-11-23 11:30:00-05:00,180.85049438476562,180.94000244140625,179.91510009765625,180.3000030517578,1226361,0,0
2022-11-23 11:35:00-05:00,180.31820678710938,180.58999633789062,179.8300018310547,180.3529052734375,1184314,0,0
2022-11-23 11:40:00-05:00,180.36000061035156,180.5399932861328,180.0800018310547,180.4510040283203,884804,0,0
2022-11-23 11:45:00-05:00,180.44000244140625,180.6300048828125,179.41000366210938,179.45089721679688,1165700,0,0
2022-11-23 11:50:00-05:00,179.4207000732422,179.80999755859375,178.63999938964844,178.69290161132812,1486848,0,0
2022-11-23 11:55:00-05:00,178.6699981689453,178.9600067138672,178.35009765625,178.50010681152344,1508298,0,0
2022-11-23 12:00:00-05:00,178.5,179.17999267578125,178.49000549316406,179.02000427246094,1256614,0,0
2022-11-23 12:05:00-05:00,179.02000427246094,179.94000244140625,178.94000244140625,179.5800018310547,1197453,0,0
2022-11-23 12:10:00-05:00,179.5800018310547,180.05999755859375,179.1009979248047,179.69000244140625,913911,0,0
2022-11-23 12:15:00-05:00,179.6699981689453,180.00999450683594,179.52999877929688,179.84649658203125,775814,0,0
2022-11-23 12:20:00-05:00,179.8300018310547,180.0299072265625,179.74000549316406,179.85000610351562,571156,0,0
2022-11-23 12:25:00-05:00,179.86000061035156,179.95989990234375,179.24000549316406,179.35499572753906,738328,0,0
2022-11-23 12:30:00-05:00,179.36500549316406,179.8000030517578,179.0800018310547,179.64999389648438,812798,0,0
2022-11-23 12:35:00-05:00,179.6750030517578,179.75,179.16000366210938,179.50340270996094,757772,0,0
2022-11-23 12:40:00-05:00,179.51800537109375,179.55999755859375,178.5200958251953,179.02000427246094,887834,0,0
2022-11-23 12:45:00-05:00,179.02000427246094,179.29930114746094,178.75999450683594,178.88499450683594,629600,0,0
2022-11-23 12:50:00-05:00,178.87620544433594,178.9499053955078,178.02999877929688,178.4199981689453,899623,0,0
2022-11-23 12:55:00-05:00,178.3699951171875,178.43679809570312,177.5800018310547,178.0966033935547,1083630,0,0
2022-11-23 13:00:00-05:00,178.11000061035156,178.16000366210938,177.72999572753906,178.01010131835938,689494,0,0
2022-11-23 13:05:00-05:00,178.0,178.22000122070312,177.59979248046875,178.1490020751953,854012,0,0
2022-11-23 13:10:00-05:00,178.1300048828125,178.14999389648438,177.77000427246094,177.8459930419922,512808,0,0
2022-11-23 13:15:00-05:00,177.875,178.75,177.85000610351562,178.46969604492188,1006460,0,0
2022-11-23 13:20:00-05:00,178.4600067138672,178.8498992919922,178.3800048828125,178.7100067138672,580838,0,0
2022-11-23 13:25:00-05:00,178.74000549316406,178.97000122070312,178.6199951171875,178.94500732421875,568426,0,0
2022-11-23 13:30:00-05:00,178.97000122070312,179.5,178.94000244140625,179.31199645996094,956376,0,0
2022-11-23 13:35:00-05:00,179.32000732421875,179.72999572753906,179.27000427246094,179.52000427246094,668615,0,0
2022-11-23 13:40:00-05:00,179.52999877929688,179.82000732421875,179.44000244140625,179.8083038330078,600412,0,0
2022-11-23 13:45:00-05:00,179.80999755859375,179.86000061035156,179.5500030517578,179.58999633789062,530445,0,0
2022-11-23 13:50:00-05:00,179.60400390625,179.63999938964844,179.14500427246094,179.3199005126953,830952,0,0
2022-11-23 13:55:00-05:00,179.3000030517578,179.82000732421875,179.2100067138672,179.7899932861328,506982,0,0
2022-11-23 14:00:00-05:00,179.79049682617188,181.49000549316406,178.85000610351562,181.49000549316406,2371296,0,0
2022-11-23 14:05:00-05:00,181.49000549316406,181.52999877929688,180.51629638671875,181.12539672851562,1729534,0,0
2022-11-23 14:10:00-05:00,181.1699981689453,181.29820251464844,180.1999969482422,181.14010620117188,1290681,0,0
2022-11-23 14:15:00-05:00,181.18370056152344,181.52999877929688,180.80909729003906,180.889892578125,1138701,0,0
2022-11-23 14:20:00-05:00,180.8699951171875,181.6999969482422,180.85499572753906,181.52000427246094,1140665,0,0
2022-11-23 14:25:00-05:00,181.50999450683594,182.3800048828125,181.5,181.92999267578125,1613737,0,0
2022-11-23 14:30:00-05:00,181.91639709472656,182.44000244140625,181.57000732421875,181.8699951171875,1222803,0,0
2022-11-23 14:35:00-05:00,181.8699951171875,181.89630126953125,181.2100067138672,181.57080078125,1112115,0,0
2022-11-23 14:40:00-05:00,181.58999633789062,181.88510131835938,181.4499969482422,181.8000030517578,661570,0,0
2022-11-23 14:45:00-05:00,181.8253936767578,182.19000244140625,181.5500030517578,182.1300048828125,792261,0,0
2022-11-23 14:50:00-05:00,182.1199951171875,183.3699951171875,181.88999938964844,183.25,1881615,0,0
2022-11-23 14:55:00-05:00,183.23500061035156,183.3000030517578,182.8000030517578,183.13999938964844,1057796,0,0
2022-11-23 15:00:00-05:00,183.1699981689453,183.24000549316406,182.60000610351562,182.77330017089844,1102578,0,0
2022-11-23 15:05:00-05:00,182.75,183.16000366210938,182.7126007080078,182.85000610351562,841578,0,0
2022-11-23 15:10:00-05:00,182.8300018310547,183.6199951171875,182.42999267578125,182.9149932861328,1359621,0,0
2022-11-23 15:15:00-05:00,182.9149932861328,183.52999877929688,182.83999633789062,183.4416961669922,822777,0,0
2022-11-23 15:20:00-05:00,183.44009399414062,183.44790649414062,182.6999969482422,183.24000549316406,1034029,0,0
2022-11-23 15:25:00-05:00,183.2449951171875,183.50999450683594,183.07000732421875,183.10499572753906,989791,0,0
2022-11-23 15:30:00-05:00,183.10000610351562,183.3000030517578,182.8699951171875,183.0800018310547,852760,0,0
2022-11-23 15:35:00-05:00,183.0782928466797,183.2899932861328,182.91000366210938,183.2825927734375,859517,0,0
2022-11-23 15:40:00-05:00,183.27969360351562,183.38999938964844,182.8800048828125,182.99989318847656,897759,0,0
2022-11-23 15:45:00-05:00,183.0,183.27000427246094,182.52999877929688,183.13999938964844,1269261,0,0
2022-11-23 15:50:00-05:00,183.14999389648438,183.39999389648438,183.13999938964844,183.1999969482422,1381036,0,0
2022-11-23 15:55:00-05:00,183.17999267578125,183.32000732421875,182.89999389648438,183.2899932861328,2099397,0,0
2022-11-25 09:30:00-05:00,185.05999755859375,185.1999969482422,180.81649780273438,181.08099365234375,6493863,0,0
2022-11-25 09:35:00-05:00,181.07150268554688,183.77000427246094,181.03680419921875,183.02499389648438,2989785,0,0
2022-11-25 09:40:00-05:00,183.02810668945312,183.02810668945312,180.6300048828125,180.97000122070312,2434732,0,0
2022-11-25 09:45:00-05:00,180.97999572753906,181.92999267578125,180.69000244140625,181.17999267578125,2024998,0,0
2022-11-25 09:50:00-05:00,181.16000366210938,182.10000610351562,180.75999450683594,181.1199951171875,1656768,0,0
2022-11-25 09:55:00-05:00,181.10350036621094,182.4842987060547,180.92999267578125,182.10000610351562,1752673,0,0
2022-11-25 10:00:00-05:00,182.093994140625,182.85000610351562,181.7899932861328,182.3800048828125,1571413,0,0
2022-11-25 10:05:00-05:00,182.3800048828125,182.9199981689453,181.91009521484375,182.5500030517578,1293231,0,0
2022-11-25 10:10:00-05:00,182.50999450683594,183.4600067138672,182.33999633789062,183.36000061035156,1631878,0,0
2022-11-25 10:15:00-05:00,183.36000061035156,184.52000427246094,183.35000610351562,183.93580627441406,2138563,0,0
2022-11-25 10:20:00-05:00,183.94000244140625,184.4199981689453,183.66000366210938,184.02999877929688,1374798,0,0
2022-11-25 10:25:00-05:00,184.01519775390625,184.11000061035156,183.10000610351562,183.30819702148438,1235661,0,0
2022-11-25 10:30:00-05:00,183.32350158691406,183.99000549316406,183.21009826660156,183.75669860839844,1113290,0,0
2022-11-25 10:35:00-05:00,183.75999450683594,183.92990112304688,183.39999389648438,183.50999450683594,910031,0,0
2022-11-25 10:40:00-05:00,183.5034942626953,183.6699981689453,182.7100067138672,183.4300994873047,1177524,0,0
2022-11-25 10:45:00-05:00,183.4320068359375,184.22000122070312,183.17999267578125,184.1416015625,1131914,0,0
2022-11-25 10:50:00-05:00,184.13999938964844,184.14999389648438,183.39999389648438,183.49490356445312,914452,0,0
2022-11-25 10:55:00-05:00,183.47999572753906,183.75,183.222900390625,183.222900390625,799843,0,0
2022-11-25 11:00:00-05:00,183.27000427246094,183.8300018310547,182.9499969482422,183.52000427246094,941534,0,0
2022-11-25 11:05:00-05:00,183.5,183.9499969482422,183.27999877929688,183.41409301757812,629225,0,0
2022-11-25 11:10:00-05:00,183.41180419921875,183.5260009765625,183.1199951171875,183.38609313964844,476013,0,0
2022-11-25 11:15:00-05:00,183.37010192871094,183.42999267578125,183.02999877929688,183.23019409179688,578530,0,0
2022-11-25 11:20:00-05:00,183.22500610351562,183.3000030517578,182.5500030517578,182.9499969482422,1007195,0,0
2022-11-25 11:25:00-05:00,182.94000244140625,182.94000244140625,182.0500030517578,182.16000366210938,1002277,0,0
2022-11-25 11:30:00-05:00,182.1699981689453,182.5,181.9499969482422,182.4499053955078,986509,0,0
2022-11-25 11:35:00-05:00,182.4398956298828,182.6865997314453,182.16000366210938,182.49920654296875,527098,0,0
2022-11-25 11:40:00-05:00,182.5,182.99000549316406,182.24000549316406,182.97999572753906,671252,0,0
2022-11-25 11:45:00-05:00,182.97999572753906,182.99000549316406,182.6699981689453,182.67039489746094,499891,0,0
2022-11-25 11:50:00-05:00,182.6699981689453,182.8000030517578,182.5500030517578,182.61500549316406,348056,0,0
2022-11-25 11:55:00-05:00,182.60000610351562,182.8000030517578,182.10000610351562,182.44769287109375,727184,0,0
2022-11-25 12:00:00-05:00,182.42999267578125,182.5500030517578,182.0800018310547,182.10150146484375,545769,0,0
2022-11-25 12:05:00-05:00,182.10000610351562,182.5,182.0,182.38999938964844,701931,0,0
2022-11-25 12:10:00-05:00,182.38999938964844,182.6999969482422,182.3300018310547,182.3437957763672,557378,0,0
2022-11-25 12:15:00-05:00,182.34800720214844,182.5800018310547,182.16619873046875,182.41000366210938,446900,0,0
2022-11-25 12:20:00-05:00,182.39999389648438,182.91000366210938,182.39999389648438,182.79080200195312,702852,0,0
2022-11-25 12:25:00-05:00,182.7899932861328,183.0,182.75,182.9499969482422,666729,0,0
2022-11-25 12:30:00-05:00,182.9499969482422,182.97000122070312,182.49000549316406,182.49090576171875,644038,0,0
2022-11-25 12:35:00-05:00,182.51100158691406,182.85000610351562,182.51100158691406,182.67990112304688,502109,0,0
2022-11-25 12:40:00-05:00,182.6717987060547,182.85499572753906,182.5,182.5800018310547,448874,0,0
2022-11-25 12:45:00-05:00,182.5800018310547,182.5800018310547,182.3000030517578,182.52499389648438,206675,0,0
2022-11-25 13:00:00-05:00,182.86000061035156,183.0,182.6199951171875,182.6199951171875,0,0,0
2022-11-28 09:30:00-05:00,180.17990112304688,181.86500549316406,180.0500030517578,181.75,4809106,0,0
2022-11-28 09:35:00-05:00,181.75,182.50999450683594,181.1199951171875,182.48989868164062,1824488,0,0
2022-11-28 09:40:00-05:00,182.49000549316406,184.02000427246094,182.07000732421875,183.9591064453125,2351858,0,0
2022-11-28 09:45:00-05:00,183.9403076171875,184.07000732421875,182.86000061035156,183.13499450683594,1799596,0,0
2022-11-28 09:50:00-05:00,183.14500427246094,184.5500030517578,182.91000366210938,183.89990234375,2042700,0,0
2022-11-28 09:55:00-05:00,183.89990234375,184.5988006591797,183.4499969482422,184.42999267578125,1470680,0,0
2022-11-28 10:00:00-05:00,184.42999267578125,185.41990661621094,183.94000244140625,185.22999572753906,1794240,0,0
2022-11-28 10:05:00-05:00,185.24000549316406,185.8800048828125,184.9199981689453,185.7440948486328,2194581,0,0
2022-11-28 10:10:00-05:00,185.74740600585938,186.19000244140625,185.44000244140625,185.91000366210938,1915307,0,0
2022-11-28 10:15:00-05:00,185.94000244140625,186.27000427246094,185.19000244140625,185.67999267578125,1694883,0,0
2022-11-28 10:20:00-05:00,185.67129516601562,186.0,184.41000366210938,184.5,1650080,0,0
2022-11-28 10:25:00-05:00,184.4990997314453,184.61990356445312,183.77000427246094,184.1649932861328,1669308,0,0
2022-11-28 10:30:00-05:00,184.16990661621094,184.3800048828125,183.63999938964844,184.04649353027344,1157857,0,0
2022-11-28 10:35:00-05:00,184.06500244140625,185.0,183.86000061035156,184.97799682617188,1272278,0,0
2022-11-28 10:40:00-05:00,184.9700927734375,185.22999572753906,184.7042999267578,184.82090759277344,1157246,0,0
2022-11-28 10:45:00-05:00,184.83999633789062,185.4499969482422,184.5399932861328,184.8603057861328,1080637,0,0
2022-11-28 10:50:00-05:00,184.5258026123047,184.77999877929688,184.1300048828125,184.75999450683594,1012695,0,0
2022-11-28 10:55:00-05:00,184.7449951171875,185.25,184.3300018310547,184.57000732421875,1193827,0,0
2022-11-28 11:00:00-05:00,184.55369567871094,185.27999877929688,184.51499938964844,184.77999877929688,852640,0,0
2022-11-28 11:05:00-05:00,184.77000427246094,185.2198944091797,184.41000366210938,185.05999755859375,850976,0,0
2022-11-28 11:10:00-05:00,185.07000732421875,186.33999633789062,185.01499938964844,186.0500030517578,1773707,0,0
2022-11-28 11:15:00-05:00,186.0447998046875,186.27000427246094,185.72109985351562,185.72999572753906,925002,0,0
2022-11-28 11:20:00-05:00,185.75,187.0998992919922,185.74130249023438,187.0,1686377,0,0
2022-11-28 11:25:00-05:00,186.97999572753906,187.28900146484375,186.72999572753906,186.97500610351562,1266955,0,0
2022-11-28 11:30:00-05:00,186.98809814453125,187.66000366210938,186.9114990234375,187.32749938964844,1396570,0,0
2022-11-28 11:35:00-05:00,187.29649353027344,187.99000549316406,187.16009521484375,187.9600067138672,1377305,0,0
2022-11-28 11:40:00-05:00,187.9600067138672,188.3800048828125,187.6199951171875,188.18899536132812,1449933,0,0
2022-11-28 11:45:00-05:00,188.1728973388672,188.5,187.85000610351562,188.05499267578125,1439119,0,0
2022-11-28 11:50:00-05:00,188.05999755859375,188.08990478515625,187.53500366210938,187.93150329589844,990440,0,0
2022-11-28 11:55:00-05:00,187.9429931640625,187.9600067138672,187.3300018310547,187.52999877929688,830898,0,0
2022-11-28 12:00:00-05:00,187.52999877929688,188.33990478515625,186.4199981689453,186.98190307617188,1800337,0,0
2022-11-28 12:05:00-05:00,187.0,188.04989624023438,186.57000732421875,186.57000732421875,1203490,0,0
2022-11-28 12:10:00-05:00,186.5850067138672,187.27969360351562,186.33999633789062,187.20950317382812,1129146,0,0
2022-11-28 12:15:00-05:00,187.22500610351562,187.6300048828125,187.1199951171875,187.27490234375,945283,0,0
2022-11-28 12:20:00-05:00,187.25999450683594,187.47999572753906,186.88009643554688,186.9167022705078,678592,0,0
2022-11-28 12:25:00-05:00,186.9398956298828,187.5,186.87010192871094,187.02000427246094,605449,0,0
2022-11-28 12:30:00-05:00,187.02000427246094,188.0,187.02000427246094,187.8498992919922,881985,0,0
2022-11-28 12:35:00-05:00,187.83639526367188,188.4199981689453,187.72000122070312,188.14990234375,1079433,0,0
2022-11-28 12:40:00-05:00,188.1699981689453,188.4199981689453,187.92999267578125,188.0,861594,0,0
2022-11-28 12:45:00-05:00,188.0189971923828,188.10989379882812,187.69000244140625,187.6999969482422,649006,0,0
2022-11-28 12:50:00-05:00,187.71209716796875,187.83999633789062,187.00999450683594,187.00999450683594,785678,0,0
2022-11-28 12:55:00-05:00,187.02999877929688,187.11000061035156,186.35000610351562,186.36000061035156,892806,0,0
2022-11-28 13:00:00-05:00,186.375,186.97000122070312,186.36619567871094,186.7165069580078,815746,0,0
2022-11-28 13:05:00-05:00,186.7283935546875,186.72999572753906,185.8560028076172,186.0050048828125,922218,0,0
2022-11-28 13:10:00-05:00,185.97000122070312,186.32000732421875,185.82000732421875,186.00999450683594,791387,0,0
2022-11-28 13:15:00-05:00,185.99000549316406,186.19000244140625,185.67999267578125,185.89999389648438,727654,0,0
2022-11-28 13:20:00-05:00,185.88999938964844,186.47000122070312,185.64500427246094,186.201904296875,737408,0,0
2022-11-28 13:25:00-05:00,186.2183074951172,186.25,185.9199981689453,186.11000061035156,430989,0,0
2022-11-28 13:30:00-05:00,186.08999633789062,186.2100067138672,185.8300018310547,185.95849609375,601127,0,0
2022-11-28 13:35:00-05:00,185.94000244140625,186.0,185.33999633789062,185.67030334472656,679015,0,0
2022-11-28 13:40:00-05:00,185.67999267578125,185.80990600585938,184.80389404296875,184.8253936767578,901602,0,0
2022-11-28 13:45:00-05:00,184.82000732421875,185.22999572753906,184.72999572753906,184.8529052734375,818313,0,0
2022-11-28 13:50:00-05:00,184.86000061035156,185.0198974609375,184.00999450683594,184.09500122070312,1095050,0,0
2022-11-28 13:55:00-05:00,184.10000610351562,184.22999572753906,183.6999969482422,184.10400390625,1091107,0,0
2022-11-28 14:00:00-05:00,184.08999633789062,184.36000061035156,183.5399932861328,183.72000122070312,1076017,0,0
2022-11-28 14:05:00-05:00,183.74000549316406,183.8300018310547,183.02000427246094,183.07310485839844,1063764,0,0
2022-11-28 14:10:00-05:00,183.08340454101562,183.5399932861328,183.00999450683594,183.1999969482422,1100922,0,0
2022-11-28 14:15:00-05:00,183.1999969482422,183.5800018310547,183.02000427246094,183.4250030517578,892721,0,0
2022-11-28 14:20:00-05:00,183.42999267578125,183.57000732421875,182.85000610351562,183.5399932861328,1120285,0,0
2022-11-28 14:25:00-05:00,183.5449981689453,183.94000244140625,183.36270141601562,183.67999267578125,1041757,0,0
2022-11-28 14:30:00-05:00,183.67999267578125,184.19000244140625,183.33999633789062,184.01829528808594,1111720,0,0
2022-11-28 14:35:00-05:00,184.0,184.4600067138672,183.9499969482422,184.23500061035156,949892,0,0
2022-11-28 14:40:00-05:00,184.25999450683594,184.3000030517578,183.9199981689453,184.21929931640625,777115,0,0
2022-11-28 14:45:00-05:00,184.2100067138672,184.23680114746094,183.62010192871094,183.889892578125,778275,0,0
2022-11-28 14:50:00-05:00,183.86990356445312,184.1699981689453,183.6999969482422,184.01499938964844,590589,0,0
2022-11-28 14:55:00-05:00,184.02000427246094,184.13999938964844,183.55999755859375,183.66000366210938,615973,0,0
2022-11-28 15:00:00-05:00,183.69000244140625,184.0,183.5399932861328,183.85000610351562,684428,0,0
2022-11-28 15:05:00-05:00,183.85989379882812,184.0,183.6300048828125,183.64999389648438,592858,0,0
2022-11-28 15:10:00-05:00,183.63999938964844,183.64990234375,183.02000427246094,183.14010620117188,842503,0,0
2022-11-28 15:15:00-05:00,183.14999389648438,183.57000732421875,182.91000366210938,183.35000610351562,891950,0,0
2022-11-28 15:20:00-05:00,183.36000061035156,183.5500030517578,183.02999877929688,183.04989624023438,629844,0,0
2022-11-28 15:25:00-05:00,183.0478057861328,183.15980529785156,182.66000366210938,182.92990112304688,1086929,0,0
2022-11-28 15:30:00-05:00,182.9199981689453,183.27999877929688,182.77000427246094,183.10000610351562,875322,0,0
2022-11-28 15:35:00-05:00,183.1042938232422,183.41000366210938,182.97000122070312,182.97000122070312,907254,0,0
2022-11-28 15:40:00-05:00,182.97340393066406,183.74000549316406,182.9300994873047,183.5399932861328,1111367,0,0
2022-11-28 15:45:00-05:00,183.5500030517578,183.59500122070312,183.02999877929688,183.05999755859375,877339,0,0
2022-11-28 15:50:00-05:00,183.07000732421875,183.4499969482422,183.07000732421875,183.33999633789062,1027458,0,0
2022-11-28 15:55:00-05:00,183.35000610351562,183.35000610351562,182.86000061035156,182.9199981689453,1731237,0,0
2022-11-29 09:30:00-05:00,184.99000549316406,185.75,183.11000061035156,183.38999938964844,4485042,0,0
2022-11-29 09:35:00-05:00,183.4019012451172,184.19000244140625,182.69000244140625,183.360107421875,2143016,0,0
2022-11-29 09:40:00-05:00,183.42990112304688,184.4199981689453,183.13999938964844,183.36000061035156,1711888,0,0
2022-11-29 09:45:00-05:00,183.35000610351562,183.35000610351562,182.30999755859375,182.8300018310547,1814009,0,0
2022-11-29 09:50:00-05:00,182.80999755859375,183.16000366210938,181.77999877929688,181.83999633789062,1771061,0,0
2022-11-29 09:55:00-05:00,181.8300018310547,182.6300048828125,181.4499969482422,182.07150268554688,1717706,0,0
2022-11-29 10:00:00-05:00,182.08999633789062,182.97999572753906,181.86000061035156,182.64019775390625,1739669,0,0
2022-11-29 10:05:00-05:00,182.63999938964844,183.97999572753906,182.3800048828125,183.5,1778497,0,0
2022-11-29 10:10:00-05:00,183.50999450683594,183.939697265625,182.32000732421875,182.7050018310547,1463420,0,0
2022-11-29 10:15:00-05:00,182.67999267578125,184.15379333496094,182.5,184.07000732421875,1416881,0,0
2022-11-29 10:20:00-05:00,184.1300048828125,185.52999877929688,184.05999755859375,185.4199981689453,2034640,0,0
2022-11-29 10:25:00-05:00,185.4033966064453,185.99000549316406,184.80999755859375,185.86000061035156,1916781,0,0
2022-11-29 10:30:00-05:00,185.89549255371094,185.99000549316406,184.77000427246094,184.9499969482422,1462938,0,0
2022-11-29 10:35:00-05:00,184.94500732421875,185.64999389648438,184.86000061035156,185.1199951171875,1137781,0,0
2022-11-29 10:40:00-05:00,185.13999938964844,186.0,185.05999755859375,185.66000366210938,1147101,0,0
2022-11-29 10:45:00-05:00,185.6649932861328,186.3800048828125,185.52000427246094,186.0850067138672,1470977,0,0
2022-11-29 10:50:00-05:00,186.0800018310547,186.3800048828125,185.1699981689453,185.36000061035156,1523703,0,0
2022-11-29 10:55:00-05:00,185.37660217285156,185.52810668945312,184.36000061035156,184.5399932861328,1967389,0,0
2022-11-29 11:00:00-05:00,184.57000732421875,184.6898956298828,183.0500030517578,183.1999969482422,1442200,0,0
2022-11-29 11:05:00-05:00,183.2100067138672,183.5847930908203,182.22000122070312,182.35000610351562,1738877,0,0
2022-11-29 11:10:00-05:00,182.30999755859375,183.14999389648438,182.22000122070312,183.14999389648438,1392624,0,0
2022-11-29 11:15:00-05:00,183.1300048828125,183.1300048828125,182.2301025390625,182.60000610351562,1030937,0,0
2022-11-29 11:20:00-05:00,182.5500030517578,183.28799438476562,182.39999389648438,183.02659606933594,1225755,0,0
2022-11-29 11:25:00-05:00,183.01010131835938,183.3800048828125,182.6199951171875,183.0334930419922,991007,0,0
2022-11-29 11:30:00-05:00,183.0301055908203,183.47000122070312,182.61000061035156,183.16000366210938,895328,0,0
2022-11-29 11:35:00-05:00,183.15199279785156,183.61399841308594,182.80999755859375,183.13999938964844,907708,0,0
2022-11-29 11:40:00-05:00,183.1999053955078,183.25,182.27999877929688,182.41000366210938,1318027,0,0
2022-11-29 11:45:00-05:00,182.45989990234375,182.5590057373047,181.60000610351562,182.10000610351562,1331706,0,0
2022-11-29 11:50:00-05:00,182.08999633789062,182.27999877929688,181.5500030517578,182.27499389648438,992429,0,0
2022-11-29 11:55:00-05:00,182.27000427246094,182.8300018310547,182.2303009033203,182.74220275878906,778966,0,0
2022-11-29 12:00:00-05:00,182.75,182.97000122070312,182.5301055908203,182.91000366210938,552642,0,0
2022-11-29 12:05:00-05:00,182.91990661621094,183.25,182.7808074951172,183.16000366210938,681203,0,0
2022-11-29 12:10:00-05:00,183.1746063232422,183.22000122070312,182.52000427246094,182.82769775390625,602997,0,0
2022-11-29 12:15:00-05:00,182.8300018310547,183.25,182.75010681152344,183.22000122070312,572983,0,0
2022-11-29 12:20:00-05:00,183.22860717773438,183.27999877929688,182.65390014648438,182.6920928955078,415403,0,0
2022-11-29 12:25:00-05:00,182.70989990234375,182.9199981689453,182.22000122070312,182.58250427246094,885784,0,0
2022-11-29 12:30:00-05:00,182.59190368652344,183.0,182.5800018310547,182.88499450683594,478013,0,0
2022-11-29 12:35:00-05:00,182.8800048828125,183.39999389648438,182.5500030517578,183.1199951171875,657060,0,0
2022-11-29 12:40:00-05:00,183.11500549316406,183.50999450683594,183.01829528808594,183.3300018310547,556670,0,0
2022-11-29 12:45:00-05:00,183.33999633789062,183.4499053955078,183.0500030517578,183.3760986328125,430311,0,0
2022-11-29 12:50:00-05:00,183.3800048828125,183.39999389648438,182.67019653320312,182.79110717773438,505812,0,0
2022-11-29 12:55:00-05:00,182.77499389648438,183.0,182.3800048828125,182.5,470665,0,0
2022-11-29 13:00:00-05:00,182.5,182.6199951171875,181.9600067138672,182.1020965576172,762162,0,0
2022-11-29 13:05:00-05:00,182.110107421875,182.2899932861328,181.91009521484375,182.2100067138672,528753,0,0
2022-11-29 13:10:00-05:00,182.22999572753906,182.60009765625,182.2218017578125,182.27999877929688,460880,0,0
2022-11-29 13:15:00-05:00,182.27999877929688,182.35499572753906,181.65499877929688,181.8542938232422,688486,0,0
2022-11-29 13:20:00-05:00,181.8699951171875,181.89999389648438,181.15159606933594,181.2698974609375,861215,0,0
2022-11-29 13:25:00-05:00,181.25999450683594,181.3000030517578,180.6699981689453,180.67010498046875,887810,0,0
2022-11-29 13:30:00-05:00,180.6737060546875,181.08999633789062,180.58999633789062,180.66639709472656,674015,0,0
2022-11-29 13:35:00-05:00,180.66000366210938,180.8000030517578,180.1199951171875,180.38999938964844,1011650,0,0
2022-11-29 13:40:00-05:00,180.37550354003906,180.74000549316406,180.1199951171875,180.49000549316406,741592,0,0
2022-11-29 13:45:00-05:00,180.5,180.82989501953125,180.2899932861328,180.3148956298828,603687,0,0
2022-11-29 13:50:00-05:00,180.30999755859375,180.36520385742188,179.25,179.40499877929688,1692837,0,0
2022-11-29 13:55:00-05:00,179.4199981689453,179.94000244140625,179.17999267578125,179.86000061035156,1011122,0,0
2022-11-29 14:00:00-05:00,179.86000061035156,180.66990661621094,179.75,180.322998046875,1042611,0,0
2022-11-29 14:05:00-05:00,180.32009887695312,180.3699951171875,179.8000030517578,179.98150634765625,774218,0,0
2022-11-29 14:10:00-05:00,179.97000122070312,180.25999450683594,179.8000030517578,179.91729736328125,582052,0,0
2022-11-29 14:15:00-05:00,179.9199981689453,180.24000549316406,179.86000061035156,179.9600067138672,769492,0,0
2022-11-29 14:20:00-05:00,179.97430419921875,180.60000610351562,179.88999938964844,180.0,890788,0,0
2022-11-29 14:25:00-05:00,179.9801025390625,180.33999633789062,179.97000122070312,180.27999877929688,554008,0,0
2022-11-29 14:30:00-05:00,180.30889892578125,180.32000732421875,179.87210083007812,179.9149932861328,551769,0,0
2022-11-29 14:35:00-05:00,179.92999267578125,179.9949951171875,179.63290405273438,179.9499969482422,681721,0,0
2022-11-29 14:40:00-05:00,179.93539428710938,180.32989501953125,179.75079345703125,179.75999450683594,600429,0,0
2022-11-29 14:45:00-05:00,179.75,179.88999938964844,179.4499969482422,179.6999053955078,557093,0,0
2022-11-29 14:50:00-05:00,179.67999267578125,180.10000610351562,179.6199951171875,179.80999755859375,549278,0,0
2022-11-29 14:55:00-05:00,179.82000732421875,179.82000732421875,179.39999389648438,179.5579071044922,503973,0,0
2022-11-29 15:00:00-05:00,179.53990173339844,179.83999633789062,178.75,178.9001007080078,998532,0,0
2022-11-29 15:05:00-05:00,178.89999389648438,179.7100067138672,178.88999938964844,179.67320251464844,856983,0,0
2022-11-29 15:10:00-05:00,179.6699981689453,179.77000427246094,179.25,179.70309448242188,578684,0,0
2022-11-29 15:15:00-05:00,179.72999572753906,180.0,179.66000366210938,179.85499572753906,730410,0,0
2022-11-29 15:20:00-05:00,179.85000610351562,180.58999633789062,179.8000030517578,179.97999572753906,1062459,0,0
2022-11-29 15:25:00-05:00,179.99000549316406,180.38999938964844,179.88999938964844,180.22000122070312,536364,0,0
2022-11-29 15:30:00-05:00,180.2487030029297,180.57000732421875,179.88999938964844,180.5399932861328,773208,0,0
2022-11-29 15:35:00-05:00,180.53750610351562,180.6376953125,180.10009765625,180.3990020751953,602296,0,0
2022-11-29 15:40:00-05:00,180.3946990966797,180.94000244140625,180.30999755859375,180.6116943359375,866437,0,0
2022-11-29 15:45:00-05:00,180.60000610351562,180.60000610351562,180.08999633789062,180.52999877929688,701270,0,0
2022-11-29 15:50:00-05:00,180.5399932861328,180.7899932861328,180.1300048828125,180.4720001220703,825353,0,0
2022-11-29 15:55:00-05:00,180.47999572753906,181.0,180.4600067138672,180.82000732421875,1291518,0,0
